id,predictions
test\graph_3024,0
test\graph_3025,0
test\graph_3026,0
test\graph_3027,0
test\graph_3028,0
test\graph_3029,0
test\graph_3030,0
test\graph_3031,0
test\graph_3032,0
test\graph_3033,0
test\graph_3034,0
test\graph_3035,0
test\graph_3036,0
test\graph_3037,0
test\graph_3038,0
test\graph_3039,1
test\graph_3040,0
test\graph_3041,0
test\graph_3042,0
test\graph_3043,0
test\graph_3044,0
test\graph_3045,0
test\graph_3046,0
test\graph_3047,0
test\graph_3048,0
test\graph_3049,0
test\graph_3050,0
test\graph_3051,0
test\graph_3052,0
test\graph_3053,0
test\graph_3054,0
test\graph_3055,0
test\graph_3056,0
test\graph_3057,0
test\graph_3058,0
test\graph_3059,0
test\graph_3060,0
test\graph_3061,1
test\graph_3062,0
test\graph_3063,1
test\graph_3064,0
test\graph_3065,0
test\graph_3066,0
test\graph_3067,0
test\graph_3068,0
test\graph_3069,0
test\graph_3070,0
test\graph_3071,0
test\graph_3072,0
test\graph_3073,0
test\graph_3074,1
test\graph_3075,0
test\graph_3076,0
test\graph_3077,0
test\graph_3078,0
test\graph_3079,0
test\graph_3080,0
test\graph_3081,0
test\graph_3082,0
test\graph_3083,0
test\graph_3084,1
test\graph_3085,0
test\graph_3086,0
test\graph_3087,0
test\graph_3088,0
test\graph_3089,0
test\graph_3090,0
test\graph_3091,0
test\graph_3092,0
test\graph_3093,0
test\graph_3094,1
test\graph_3095,0
test\graph_3096,0
test\graph_3097,0
test\graph_3098,0
test\graph_3099,0
test\graph_3100,0
test\graph_3101,0
test\graph_3102,0
test\graph_3103,0
test\graph_3104,0
test\graph_3105,0
test\graph_3106,0
test\graph_3107,1
test\graph_3108,0
test\graph_3109,0
test\graph_3110,0
test\graph_3111,0
test\graph_3112,0
test\graph_3113,0
test\graph_3114,0
test\graph_3115,0
test\graph_3116,0
test\graph_3117,0
test\graph_3118,0
test\graph_3119,1
test\graph_3120,0
test\graph_3121,0
test\graph_3122,0
test\graph_3123,0
test\graph_3124,1
test\graph_3125,1
test\graph_3126,0
test\graph_3127,0
test\graph_3128,0
test\graph_3129,0
test\graph_3130,0
test\graph_3131,0
test\graph_3132,0
test\graph_3133,0
test\graph_3134,0
test\graph_3135,0
test\graph_3136,0
test\graph_3137,0
test\graph_3138,0
test\graph_3139,0
test\graph_3140,0
test\graph_3141,0
test\graph_3142,0
test\graph_3143,0
test\graph_3144,0
test\graph_3145,0
test\graph_3146,0
test\graph_3147,0
test\graph_3148,0
test\graph_3149,0
test\graph_3150,0
test\graph_3151,0
test\graph_3152,0
test\graph_3153,0
test\graph_3154,0
test\graph_3155,0
test\graph_3156,0
test\graph_3157,0
test\graph_3158,1
test\graph_3159,0
test\graph_3160,0
test\graph_3161,0
test\graph_3162,0
test\graph_3163,0
test\graph_3164,0
test\graph_3165,0
test\graph_3166,0
test\graph_3167,0
test\graph_3168,0
test\graph_3169,0
test\graph_3170,0
test\graph_3171,0
test\graph_3172,0
test\graph_3173,0
test\graph_3174,0
test\graph_3175,0
test\graph_3176,0
test\graph_3177,0
test\graph_3178,0
test\graph_3179,0
test\graph_3180,0
test\graph_3181,0
test\graph_3182,0
test\graph_3183,0
test\graph_3184,0
test\graph_3185,0
test\graph_3186,0
test\graph_3187,0
test\graph_3188,1
test\graph_3189,0
test\graph_3190,0
test\graph_3191,0
test\graph_3192,0
test\graph_3193,0
test\graph_3194,0
test\graph_3195,0
test\graph_3196,0
test\graph_3197,0
test\graph_3198,0
test\graph_3199,0
test\graph_3200,0
test\graph_3201,0
test\graph_3202,0
test\graph_3203,0
test\graph_3204,0
test\graph_3205,0
test\graph_3206,0
test\graph_3207,0
test\graph_3208,0
test\graph_3209,0
test\graph_3210,0
test\graph_3211,1
test\graph_3212,0
test\graph_3213,0
test\graph_3214,0
test\graph_3215,0
test\graph_3216,0
test\graph_3217,0
test\graph_3218,0
test\graph_3219,0
test\graph_3220,0
test\graph_3221,0
test\graph_3222,0
test\graph_3223,0
test\graph_3224,0
test\graph_3225,0
test\graph_3226,0
test\graph_3227,0
test\graph_3228,0
test\graph_3229,0
test\graph_3230,0
test\graph_3231,0
test\graph_3232,0
test\graph_3233,0
test\graph_3234,0
test\graph_3235,0
test\graph_3236,0
test\graph_3237,0
test\graph_3238,0
test\graph_3239,0
test\graph_3240,1
test\graph_3241,0
test\graph_3242,0
test\graph_3243,0
test\graph_3244,0
test\graph_3245,0
test\graph_3246,0
test\graph_3247,0
test\graph_3248,0
test\graph_3249,0
test\graph_3250,0
test\graph_3251,0
test\graph_3252,0
test\graph_3253,0
test\graph_3254,0
test\graph_3255,0
test\graph_3256,0
test\graph_3257,0
test\graph_3258,0
test\graph_3259,0
test\graph_3260,1
test\graph_3261,0
test\graph_3262,0
test\graph_3263,0
test\graph_3264,0
test\graph_3265,0
test\graph_3266,0
test\graph_3267,0
test\graph_3268,0
test\graph_3269,0
test\graph_3270,0
test\graph_3271,0
test\graph_3272,0
test\graph_3273,0
test\graph_3274,0
test\graph_3275,0
test\graph_3276,0
test\graph_3277,0
test\graph_3278,0
test\graph_3279,0
test\graph_3280,0
test\graph_3281,0
test\graph_3282,0
test\graph_3283,0
test\graph_3284,0
test\graph_3285,1
test\graph_3286,0
test\graph_3287,0
test\graph_3288,0
test\graph_3289,0
test\graph_3290,1
test\graph_3291,0
test\graph_3292,0
test\graph_3293,0
test\graph_3294,0
test\graph_3295,0
test\graph_3296,0
test\graph_3297,0
test\graph_3298,0
test\graph_3299,0
test\graph_3300,0
test\graph_3301,0
test\graph_3302,0
test\graph_3303,0
test\graph_3304,0
test\graph_3305,0
test\graph_3306,0
test\graph_3307,0
test\graph_3308,0
test\graph_3309,0
test\graph_3310,0
test\graph_3311,0
test\graph_3312,0
test\graph_3313,0
test\graph_3314,0
test\graph_3315,0
test\graph_3316,0
test\graph_3317,0
test\graph_3318,0
test\graph_3319,0
test\graph_3320,0
test\graph_3321,1
test\graph_3322,0
test\graph_3323,0
test\graph_3324,0
test\graph_3325,0
test\graph_3326,0
test\graph_3327,0
test\graph_3328,0
test\graph_3329,0
test\graph_3330,0
test\graph_3331,0
test\graph_3332,0
test\graph_3333,0
test\graph_3334,0
test\graph_3335,1
test\graph_3336,0
test\graph_3337,0
test\graph_3338,0
test\graph_3339,0
test\graph_3340,0
test\graph_3341,0
test\graph_3342,0
test\graph_3343,0
test\graph_3344,0
test\graph_3345,0
test\graph_3346,0
test\graph_3347,0
test\graph_3348,0
test\graph_3349,0
test\graph_3350,0
test\graph_3351,0
test\graph_3352,0
test\graph_3353,0
test\graph_3354,0
test\graph_3355,0
test\graph_3356,0
test\graph_3357,0
test\graph_3358,0
test\graph_3359,0
test\graph_3360,0
test\graph_3361,0
test\graph_3362,0
test\graph_3363,0
test\graph_3364,0
test\graph_3365,0
test\graph_3366,0
test\graph_3367,0
test\graph_3368,0
test\graph_3369,0
test\graph_3370,0
test\graph_3371,0
test\graph_3372,0
test\graph_3373,1
test\graph_3374,0
test\graph_3375,0
test\graph_3376,0
test\graph_3377,0
test\graph_3378,0
test\graph_3379,0
test\graph_3380,0
test\graph_3381,0
test\graph_3382,0
test\graph_3383,0
test\graph_3384,0
test\graph_3385,0
test\graph_3386,0
test\graph_3387,0
test\graph_3388,0
test\graph_3389,0
test\graph_3390,0
test\graph_3391,0
test\graph_3392,0
test\graph_3393,0
test\graph_3394,0
test\graph_3395,0
test\graph_3396,0
test\graph_3397,0
test\graph_3398,0
test\graph_3399,0
test\graph_3400,0
test\graph_3401,0
test\graph_3402,0
test\graph_3403,0
test\graph_3404,0
test\graph_3405,0
test\graph_3406,0
test\graph_3407,0
test\graph_3408,0
test\graph_3409,0
test\graph_3410,0
test\graph_3411,0
test\graph_3412,0
test\graph_3413,0
test\graph_3414,0
test\graph_3415,0
test\graph_3416,0
test\graph_3417,0
test\graph_3418,0
test\graph_3419,0
test\graph_3420,0
test\graph_3421,0
test\graph_3422,0
test\graph_3423,0
test\graph_3424,0
test\graph_3425,0
test\graph_3426,0
test\graph_3427,0
test\graph_3428,0
test\graph_3429,0
test\graph_3430,0
test\graph_3431,0
test\graph_3432,0
test\graph_3433,0
test\graph_3434,0
test\graph_3435,0
test\graph_3436,0
test\graph_3437,0
test\graph_3438,0
test\graph_3439,0
test\graph_3440,0
test\graph_3441,0
test\graph_3442,0
test\graph_3443,0
test\graph_3444,0
test\graph_3445,0
test\graph_3446,0
test\graph_3447,0
test\graph_3448,0
test\graph_3449,0
test\graph_3450,0
test\graph_3451,1
test\graph_3452,0
test\graph_3453,0
test\graph_3454,0
test\graph_3455,0
test\graph_3456,0
test\graph_3457,0
test\graph_3458,0
test\graph_3459,0
test\graph_3460,0
test\graph_3461,0
test\graph_3462,0
test\graph_3463,0
test\graph_3464,0
test\graph_3465,0
test\graph_3466,0
test\graph_3467,0
test\graph_3468,0
test\graph_3469,0
test\graph_3470,0
test\graph_3471,0
test\graph_3472,0
test\graph_3473,0
test\graph_3474,0
test\graph_3475,0
test\graph_3476,0
test\graph_3477,0
test\graph_3478,0
test\graph_3479,0
test\graph_3480,0
test\graph_3481,0
test\graph_3482,0
test\graph_3483,0
test\graph_3484,0
test\graph_3485,0
test\graph_3486,0
test\graph_3487,0
test\graph_3488,0
test\graph_3489,0
test\graph_3490,0
test\graph_3491,0
test\graph_3492,0
test\graph_3493,0
test\graph_3494,0
test\graph_3495,0
test\graph_3496,0
test\graph_3497,0
test\graph_3498,0
test\graph_3499,0
test\graph_3500,0
test\graph_3501,0
test\graph_3502,0
test\graph_3503,0
test\graph_3504,0
test\graph_3505,0
test\graph_3506,0
test\graph_3507,0
test\graph_3508,0
test\graph_3509,0
test\graph_3510,0
test\graph_3511,0
test\graph_3512,0
test\graph_3513,0
test\graph_3514,0
test\graph_3515,0
test\graph_3516,0
test\graph_3517,0
test\graph_3518,0
test\graph_3519,0
test\graph_3520,0
test\graph_3521,0
test\graph_3522,0
test\graph_3523,0
test\graph_3524,0
test\graph_3525,0
test\graph_3526,0
test\graph_3527,0
test\graph_3528,0
test\graph_3529,0
test\graph_3530,0
test\graph_3531,0
test\graph_3532,0
test\graph_3533,0
test\graph_3534,1
test\graph_3535,0
test\graph_3536,0
test\graph_3537,0
test\graph_3538,0
test\graph_3539,0
test\graph_3540,0
test\graph_3541,0
test\graph_3542,0
test\graph_3543,0
test\graph_3544,0
test\graph_3545,0
test\graph_3546,0
test\graph_3547,0
test\graph_3548,0
test\graph_3549,0
test\graph_3550,0
test\graph_3551,0
test\graph_3552,0
test\graph_3553,0
test\graph_3554,0
test\graph_3555,1
test\graph_3556,1
test\graph_3557,0
test\graph_3558,0
test\graph_3559,0
test\graph_3560,0
test\graph_3561,0
test\graph_3562,0
test\graph_3563,0
test\graph_3564,1
test\graph_3565,0
test\graph_3566,0
test\graph_3567,0
test\graph_3568,0
test\graph_3569,0
test\graph_3570,0
test\graph_3571,0
test\graph_3572,0
test\graph_3573,0
test\graph_3574,0
test\graph_3575,0
test\graph_3576,0
test\graph_3577,0
test\graph_3578,0
test\graph_3579,0
test\graph_3580,0
test\graph_3581,0
test\graph_3582,0
test\graph_3583,0
test\graph_3584,0
test\graph_3585,0
test\graph_3586,0
test\graph_3587,0
test\graph_3588,0
test\graph_3589,0
test\graph_3590,0
test\graph_3591,0
test\graph_3592,0
test\graph_3593,0
test\graph_3594,0
test\graph_3595,0
test\graph_3596,0
test\graph_3597,0
test\graph_3598,0
test\graph_3599,0
test\graph_3600,0
test\graph_3601,0
test\graph_3602,0
test\graph_3603,0
test\graph_3604,0
test\graph_3605,0
test\graph_3606,1
test\graph_3607,0
test\graph_3608,0
test\graph_3609,0
test\graph_3610,1
test\graph_3611,0
test\graph_3612,0
test\graph_3613,0
test\graph_3614,0
test\graph_3615,0
test\graph_3616,0
test\graph_3617,0
test\graph_3618,0
test\graph_3619,0
test\graph_3620,0
test\graph_3621,0
test\graph_3622,0
test\graph_3623,0
test\graph_3624,0
test\graph_3625,0
test\graph_3626,0
test\graph_3627,0
test\graph_3628,0
test\graph_3629,0
test\graph_3630,1
test\graph_3631,0
test\graph_3632,0
test\graph_3633,0
test\graph_3634,0
test\graph_3635,0
test\graph_3636,0
test\graph_3637,0
test\graph_3638,0
test\graph_3639,0
test\graph_3640,0
test\graph_3641,0
test\graph_3642,0
test\graph_3643,0
test\graph_3644,0
test\graph_3645,0
test\graph_3646,0
test\graph_3647,0
test\graph_3648,0
test\graph_3649,1
test\graph_3650,0
test\graph_3651,0
test\graph_3652,0
test\graph_3653,0
test\graph_3654,1
test\graph_3655,0
test\graph_3656,0
test\graph_3657,0
test\graph_3658,0
test\graph_3659,0
test\graph_3660,0
test\graph_3661,0
test\graph_3662,0
test\graph_3663,0
test\graph_3664,1
test\graph_3665,0
test\graph_3666,0
test\graph_3667,0
test\graph_3668,0
test\graph_3669,0
test\graph_3670,0
test\graph_3671,0
test\graph_3672,0
test\graph_3673,0
test\graph_3674,0
test\graph_3675,0
test\graph_3676,0
test\graph_3677,0
test\graph_3678,0
test\graph_3679,0
test\graph_3680,1
test\graph_3681,0
test\graph_3682,0
test\graph_3683,0
test\graph_3684,0
test\graph_3685,0
test\graph_3686,0
test\graph_3687,0
test\graph_3688,0
test\graph_3689,0
test\graph_3690,0
test\graph_3691,0
test\graph_3692,0
test\graph_3693,0
test\graph_3694,0
test\graph_3695,0
test\graph_3696,0
test\graph_3697,0
test\graph_3698,0
test\graph_3699,0
test\graph_3700,0
test\graph_3701,1
test\graph_3702,0
test\graph_3703,0
test\graph_3704,0
test\graph_3705,0
test\graph_3706,0
test\graph_3707,0
test\graph_3708,0
test\graph_3709,0
test\graph_3710,0
test\graph_3711,0
test\graph_3712,0
test\graph_3713,0
test\graph_3714,0
test\graph_3715,0
test\graph_3716,0
test\graph_3717,0
test\graph_3718,0
test\graph_3719,0
test\graph_3720,0
test\graph_3721,0
test\graph_3722,0
test\graph_3723,0
test\graph_3724,0
test\graph_3725,0
test\graph_3726,0
test\graph_3727,0
test\graph_3728,0
test\graph_3729,0
test\graph_3730,0
test\graph_3731,0
test\graph_3732,0
test\graph_3733,0
test\graph_3734,0
test\graph_3735,0
test\graph_3736,0
test\graph_3737,0
test\graph_3738,0
test\graph_3739,0
test\graph_3740,0
test\graph_3741,0
test\graph_3742,0
test\graph_3743,0
test\graph_3744,0
test\graph_3745,0
test\graph_3746,0
test\graph_3747,0
test\graph_3748,0
test\graph_3749,0
test\graph_3750,0
test\graph_3751,0
test\graph_3752,0
test\graph_3753,0
test\graph_3754,1
test\graph_3755,0
test\graph_3756,0
test\graph_3757,0
test\graph_3758,1
test\graph_3759,0
test\graph_3760,0
test\graph_3761,0
test\graph_3762,0
test\graph_3763,0
test\graph_3764,0
test\graph_3765,0
test\graph_3766,0
test\graph_3767,0
test\graph_3768,0
test\graph_3769,0
test\graph_3770,0
test\graph_3771,0
test\graph_3772,0
test\graph_3773,0
test\graph_3774,0
test\graph_3775,0
test\graph_3776,0
test\graph_3777,0
test\graph_3778,0
test\graph_3779,0
test\graph_3780,0
test\graph_3781,0
test\graph_3782,0
test\graph_3783,0
test\graph_3784,0
test\graph_3785,0
test\graph_3786,0
test\graph_3787,0
test\graph_3788,0
test\graph_3789,1
test\graph_3790,0
test\graph_3791,0
test\graph_3792,0
test\graph_3793,0
test\graph_3794,0
test\graph_3795,0
test\graph_3796,0
test\graph_3797,0
test\graph_3798,1
test\graph_3799,0
test\graph_3800,0
test\graph_3801,0
test\graph_3802,0
test\graph_3803,1
test\graph_3804,0
test\graph_3805,0
test\graph_3806,0
test\graph_3807,0
test\graph_3808,0
test\graph_3809,0
test\graph_3810,0
test\graph_3811,0
test\graph_3812,0
test\graph_3813,0
test\graph_3814,0
test\graph_3815,1
test\graph_3816,0
test\graph_3817,0
test\graph_3818,0
test\graph_3819,0
test\graph_3820,0
test\graph_3821,0
test\graph_3822,0
test\graph_3823,0
test\graph_3824,0
test\graph_3825,1
test\graph_3826,0
test\graph_3827,0
test\graph_3828,0
test\graph_3829,0
test\graph_3830,0
test\graph_3831,0
test\graph_3832,0
test\graph_3833,0
test\graph_3834,0
test\graph_3835,0
test\graph_3836,0
test\graph_3837,0
test\graph_3838,0
test\graph_3839,0
test\graph_3840,0
test\graph_3841,0
test\graph_3842,0
test\graph_3843,0
test\graph_3844,1
test\graph_3845,0
test\graph_3846,0
test\graph_3847,0
test\graph_3848,0
test\graph_3849,0
test\graph_3850,0
test\graph_3851,0
test\graph_3852,0
test\graph_3853,0
test\graph_3854,0
test\graph_3855,0
test\graph_3856,0
test\graph_3857,0
test\graph_3858,0
test\graph_3859,0
test\graph_3860,0
test\graph_3861,0
test\graph_3862,0
test\graph_3863,0
test\graph_3864,0
test\graph_3865,0
test\graph_3866,0
test\graph_3867,0
test\graph_3868,0
test\graph_3869,0
test\graph_3870,0
test\graph_3871,0
test\graph_3872,1
test\graph_3873,0
test\graph_3874,0
test\graph_3875,0
test\graph_3876,0
test\graph_3877,0
test\graph_3878,0
test\graph_3879,0
test\graph_3880,0
test\graph_3881,0
test\graph_3882,0
test\graph_3883,0
test\graph_3884,0
test\graph_3885,0
test\graph_3886,0
test\graph_3887,0
test\graph_3888,0
test\graph_3889,0
test\graph_3890,0
test\graph_3891,0
test\graph_3892,0
test\graph_3893,0
test\graph_3894,1
test\graph_3895,0
test\graph_3896,0
test\graph_3897,0
test\graph_3898,0
test\graph_3899,0
test\graph_3900,0
test\graph_3901,0
test\graph_3902,0
test\graph_3903,0
test\graph_3904,0
test\graph_3905,0
test\graph_3906,0
test\graph_3907,0
test\graph_3908,0
test\graph_3909,0
test\graph_3910,0
test\graph_3911,0
test\graph_3912,0
test\graph_3913,0
test\graph_3914,0
test\graph_3915,0
test\graph_3916,0
test\graph_3917,0
test\graph_3918,1
test\graph_3919,0
test\graph_3920,1
test\graph_3921,0
test\graph_3922,0
test\graph_3923,1
test\graph_3924,0
test\graph_3925,0
test\graph_3926,0
test\graph_3927,1
test\graph_3928,0
test\graph_3929,0
test\graph_3930,0
test\graph_3931,0
test\graph_3932,0
test\graph_3933,0
test\graph_3934,0
test\graph_3935,0
test\graph_3936,0
test\graph_3937,0
test\graph_3938,0
test\graph_3939,0
test\graph_3940,0
test\graph_3941,0
test\graph_3942,0
test\graph_3943,0
test\graph_3944,0
test\graph_3945,0
test\graph_3946,0
test\graph_3947,0
test\graph_3948,0
test\graph_3949,0
test\graph_3950,0
test\graph_3951,0
test\graph_3952,0
test\graph_3953,0
test\graph_3954,0
test\graph_3955,0
test\graph_3956,0
test\graph_3957,1
test\graph_3958,0
test\graph_3959,0
test\graph_3960,1
test\graph_3961,0
test\graph_3962,0
test\graph_3963,0
test\graph_3964,0
test\graph_3965,0
test\graph_3966,0
test\graph_3967,0
test\graph_3968,0
test\graph_3969,0
test\graph_3970,0
test\graph_3971,0
test\graph_3972,0
test\graph_3973,0
test\graph_3974,0
test\graph_3975,0
test\graph_3976,1
test\graph_3977,0
test\graph_3978,0
test\graph_3979,0
test\graph_3980,0
test\graph_3981,0
test\graph_3982,0
test\graph_3983,0
test\graph_3984,0
test\graph_3985,1
test\graph_3986,0
test\graph_3987,0
test\graph_3988,0
test\graph_3989,0
test\graph_3990,0
test\graph_3991,1
test\graph_3992,1
test\graph_3993,0
test\graph_3994,0
test\graph_3995,0
test\graph_3996,0
test\graph_3997,0
test\graph_3998,0
test\graph_3999,0
test\graph_4000,0
test\graph_4001,0
test\graph_4002,0
test\graph_4003,0
test\graph_4004,0
test\graph_4005,0
test\graph_4006,0
test\graph_4007,0
test\graph_4008,0
test\graph_4009,0
test\graph_4010,0
test\graph_4011,0
test\graph_4012,0
test\graph_4013,0
test\graph_4014,0
test\graph_4015,0
test\graph_4016,0
test\graph_4017,0
test\graph_4018,0
test\graph_4019,0
test\graph_4020,0
test\graph_4021,0
test\graph_4022,0
test\graph_4023,0
test\graph_4024,0
test\graph_4025,0
test\graph_4026,0
test\graph_4027,0
test\graph_4028,0
test\graph_4029,0
test\graph_4030,0
test\graph_4031,0
test\graph_4032,0
test\graph_4033,0
test\graph_4034,0
test\graph_4035,0
test\graph_4036,0
test\graph_4037,0
test\graph_4038,0
test\graph_4039,0
test\graph_4040,0
test\graph_4041,0
test\graph_4042,0
test\graph_4043,1
test\graph_4044,0
test\graph_4045,0
test\graph_4046,0
test\graph_4047,0
test\graph_4048,0
test\graph_4049,1
test\graph_4050,0
test\graph_4051,0
test\graph_4052,0
test\graph_4053,0
test\graph_4054,0
test\graph_4055,1
test\graph_4056,0
test\graph_4057,0
test\graph_4058,0
test\graph_4059,0
test\graph_4060,0
test\graph_4061,0
test\graph_4062,0
test\graph_4063,0
test\graph_4064,0
test\graph_4065,0
test\graph_4066,0
test\graph_4067,0
test\graph_4068,0
test\graph_4069,0
test\graph_4070,0
test\graph_4071,0
test\graph_4072,0
test\graph_4073,0
test\graph_4074,1
test\graph_4075,0
test\graph_4076,0
test\graph_4077,0
test\graph_4078,0
test\graph_4079,0
test\graph_4080,0
test\graph_4081,0
test\graph_4082,0
test\graph_4083,0
test\graph_4084,0
test\graph_4085,0
test\graph_4086,0
test\graph_4087,0
test\graph_4088,0
test\graph_4089,0
test\graph_4090,0
test\graph_4091,0
test\graph_4092,0
test\graph_4093,0
test\graph_4094,0
test\graph_4095,0
test\graph_4096,1
test\graph_4097,0
test\graph_4098,0
test\graph_4099,0
test\graph_4100,0
test\graph_4101,0
test\graph_4102,0
test\graph_4103,0
test\graph_4104,0
test\graph_4105,0
test\graph_4106,0
test\graph_4107,0
test\graph_4108,0
test\graph_4109,1
test\graph_4110,0
test\graph_4111,0
test\graph_4112,0
test\graph_4113,1
test\graph_4114,0
test\graph_4115,0
test\graph_4116,1
test\graph_4117,0
test\graph_4118,1
test\graph_4119,0
test\graph_4120,0
test\graph_4121,0
test\graph_4122,0
test\graph_4123,0
test\graph_4124,0
test\graph_4125,0
test\graph_4126,0
test\graph_4127,0
test\graph_4128,0
test\graph_4129,0
test\graph_4130,0
test\graph_4131,0
test\graph_4132,0
test\graph_4133,0
test\graph_4134,0
test\graph_4135,0
test\graph_4136,1
test\graph_4137,0
test\graph_4138,0
test\graph_4139,0
test\graph_4140,0
test\graph_4141,0
test\graph_4142,0
test\graph_4143,0
test\graph_4144,0
test\graph_4145,0
test\graph_4146,0
test\graph_4147,0
test\graph_4148,0
test\graph_4149,0
test\graph_4150,0
test\graph_4151,0
test\graph_4152,0
test\graph_4153,0
test\graph_4154,1
test\graph_4155,0
test\graph_4156,0
test\graph_4157,0
test\graph_4158,0
test\graph_4159,0
test\graph_4160,0
test\graph_4161,0
test\graph_4162,0
test\graph_4163,0
test\graph_4164,0
test\graph_4165,0
test\graph_4166,0
test\graph_4167,0
test\graph_4168,0
test\graph_4169,0
test\graph_4170,1
test\graph_4171,0
test\graph_4172,0
test\graph_4173,0
test\graph_4174,0
test\graph_4175,0
test\graph_4176,0
test\graph_4177,0
test\graph_4178,0
test\graph_4179,0
test\graph_4180,0
test\graph_4181,0
test\graph_4182,0
test\graph_4183,0
test\graph_4184,0
test\graph_4185,0
test\graph_4186,1
test\graph_4187,0
test\graph_4188,0
test\graph_4189,0
test\graph_4190,0
test\graph_4191,0
test\graph_4192,0
test\graph_4193,0
test\graph_4194,0
test\graph_4195,0
test\graph_4196,0
test\graph_4197,0
test\graph_4198,0
test\graph_4199,0
test\graph_4200,0
test\graph_4201,0
test\graph_4202,0
test\graph_4203,0
test\graph_4204,0
test\graph_4205,0
test\graph_4206,0
test\graph_4207,1
test\graph_4208,0
test\graph_4209,0
test\graph_4210,0
test\graph_4211,0
test\graph_4212,0
test\graph_4213,0
test\graph_4214,0
test\graph_4215,0
test\graph_4216,0
test\graph_4217,0
test\graph_4218,0
test\graph_4219,0
test\graph_4220,0
test\graph_4221,0
test\graph_4222,0
test\graph_4223,0
test\graph_4224,0
test\graph_4225,0
test\graph_4226,0
test\graph_4227,0
test\graph_4228,0
test\graph_4229,0
test\graph_4230,0
test\graph_4231,0
test\graph_4232,0
test\graph_4233,0
test\graph_4234,0
test\graph_4235,1
test\graph_4236,0
test\graph_4237,0
test\graph_4238,0
test\graph_4239,0
test\graph_4240,0
test\graph_4241,0
test\graph_4242,1
test\graph_4243,0
test\graph_4244,0
test\graph_4245,0
test\graph_4246,0
test\graph_4247,0
test\graph_4248,0
test\graph_4249,0
test\graph_4250,0
test\graph_4251,0
test\graph_4252,0
test\graph_4253,0
test\graph_4254,0
test\graph_4255,0
test\graph_4256,0
test\graph_4257,0
test\graph_4258,0
test\graph_4259,0
test\graph_4260,0
test\graph_4261,0
test\graph_4262,0
test\graph_4263,0
test\graph_4264,0
test\graph_4265,0
test\graph_4266,0
test\graph_4267,0
test\graph_4268,0
test\graph_4269,0
test\graph_4270,0
test\graph_4271,0
test\graph_4272,0
test\graph_4273,0
test\graph_4274,0
test\graph_4275,0
test\graph_4276,0
test\graph_4277,0
test\graph_4278,0
test\graph_4279,0
test\graph_4280,0
test\graph_4281,0
test\graph_4282,0
test\graph_4283,0
test\graph_4284,0
test\graph_4285,0
test\graph_4286,0
test\graph_4287,0
test\graph_4288,0
test\graph_4289,0
test\graph_4290,1
test\graph_4291,0
test\graph_4292,0
test\graph_4293,0
test\graph_4294,0
test\graph_4295,1
test\graph_4296,0
test\graph_4297,0
test\graph_4298,0
test\graph_4299,0
test\graph_4300,0
test\graph_4301,0
test\graph_4302,0
test\graph_4303,0
test\graph_4304,1
test\graph_4305,0
test\graph_4306,0
test\graph_4307,0
test\graph_4308,0
test\graph_4309,0
test\graph_4310,0
test\graph_4311,0
test\graph_4312,0
test\graph_4313,0
test\graph_4314,0
test\graph_4315,0
test\graph_4316,0
test\graph_4317,0
test\graph_4318,0
test\graph_4319,0
test\graph_4320,0
